# values,vectors
1.388152730712010552e+01,-6.198578441152264862e-01,-9.610744623271417764e-01,-3.402590969964261469e-01
-1.000000000000001332e+00,-6.198578441152259311e-01,2.621112169983117468e-01,-3.402590969964274792e-01
-2.881527307120105519e+00,-4.811990296931697442e-01,-8.737040566610378145e-02,8.766113698911007779e-01
